"INDEX","Probability","TARGET_FLAG","TARGET_AMT"
3,0.396931429932631,0,0
9,0.55461323896625,1,14.8095462527153
10,0.302747708367322,0,0
18,0.524075956548316,1,15.0379769954261
21,0.64107029907196,1,18.5409242558626
30,0.511181516034603,1,7.14916376673557
31,0.78087592108136,1,37.189438807401
37,0.69236448526499,1,25.8910549186844
39,0.120616670906488,0,0
47,0.565464968764483,1,5.80012885307481
60,0.0910845279454683,0,0
62,0.832948129266952,1,70.5138132616165
63,0.961629128225217,1,489.814654089838
64,0.298380300368055,0,0
68,0.11563328716859,0,0
75,0.83833868339543,1,87.7689281625531
76,0.92744443842686,1,241.082156157712
83,0.428394452592725,0,0
87,0.906756695582145,1,135.429198444448
92,0.781695856752316,1,38.7139036849599
98,0.311293947505887,0,0
106,0.6763262736639,1,21.9868713914428
107,0.231024825382369,0,0
113,0.706317003307004,1,21.9155939237334
120,0.636751094048467,1,19.5264695846746
123,0.763850307793138,1,29.6484368181647
125,0.752386496038403,1,47.2967145028193
126,0.849073178872192,1,48.2389625412415
128,0.250798840307584,0,0
129,0.526557625415804,1,7.22264160070084
131,0.414661306708114,0,0
135,0.841694182570909,1,91.5193921047289
141,0.297003567037673,0,0
147,0.537978779194067,1,8.97200439932939
148,0.41281749560286,0,0
151,0.151432937242052,0,0
156,0.465636690235107,0,0
157,0.467639773915121,0,0
174,0.207261075183937,0,0
186,0.789320321078613,1,47.700841717292
193,0.715575935653713,1,36.9809941631808
195,0.787216174898383,1,45.5323168353953
212,0.0808046432720514,0,0
213,0.842541418877134,1,53.7586193609798
217,0.0191440092751503,0,0
223,0.565000168495792,1,8.51754626987455
226,0.220141551164089,0,0
228,0.824372036568755,1,39.4771525575177
230,0.0355494461492822,0,0
241,0.834302063804429,1,56.2979971151124
243,0.396850057702142,0,0
249,0.669034591634184,1,18.1833550737879
281,0.933272261571912,1,170.92784742851
288,0.170196768432135,0,0
294,0.665272961159667,1,46.5049616403686
295,0.512964854380286,1,8.82070959019632
300,0.74819419692686,1,32.3779722537796
302,0.786629841726826,1,48.4878619099446
303,0.421387904595551,0,0
308,0.838700397966033,1,40.1112616679489
319,0.0448714132473312,0,0
320,0.176989492403499,0,0
324,0.73629799090144,1,26.897953771054
331,0.337955767592362,0,0
343,0.16344889723689,0,0
347,0.672976924011648,1,18.7021911577624
348,0.924060549123972,1,207.655272861607
350,0.789457595072262,1,50.9629340169224
357,0.484538329247563,0,0
358,0.204370733739475,0,0
360,0.0730982875212962,0,0
366,0.502391364106052,1,10.0508991522155
367,0.822172959037597,1,66.7078303526604
368,0.52919712937327,1,11.8241402031667
376,0.844671751729208,1,68.7690091675987
380,0.632810730398649,1,10.0111172056453
388,0.729406810345282,1,21.048940030292
396,0.599181375959684,1,13.9581942543444
398,0.426967836299135,0,0
403,0.157482902001085,0,0
410,0.850713172744994,1,64.1591207546283
412,0.817513294769671,1,37.1557049392218
420,0.686227236607075,1,19.2359425549014
434,0.122729349004239,0,0
440,0.699097634954976,1,30.9357074148811
450,0.842239399212424,1,91.4661728311097
453,0.598450472793277,1,13.9254703373603
464,0.65487119810702,1,23.704572842545
465,0.190429643946918,0,0
466,0.90851182845744,1,130.393028204836
473,0.455773604342848,0,0
476,0.173560462484433,0,0
478,0.215639353190133,0,0
479,0.450634693629102,0,0
493,0.135425262987988,0,0
497,0.53902958025772,1,5.14602410859504
503,0.0442575517113129,0,0
504,0.692586972651759,1,24.5706620099531
505,0.692307080853937,1,15.2797799919672
507,0.356677047317617,0,0
513,0.743066064481293,1,30.2403959872337
519,0.799459219140515,1,36.8639622494001
521,0.841970406572346,1,60.6760192595484
522,0.88428460786289,1,93.3997564144309
545,0.363489681162437,0,0
549,0.21015473847248,0,0
551,0.599306434549237,1,8.13211603647684
556,0.227821540772942,0,0
557,0.833247021898767,1,99.2003439055666
559,0.569424799349975,1,11.933900583524
560,0.909823012290615,1,138.768299072323
566,0.10186098688745,0,0
569,0.517299817708369,1,10.0132999909711
573,0.49573802180902,0,0
578,0.882274355187185,1,117.155367457237
579,0.172462974335243,0,0
582,0.0817199843646265,0,0
596,0.877575103303945,1,113.288122662481
598,0.88971864573136,1,141.241354982664
599,0.514262011965409,1,6.80543579858652
602,0.612732948823987,1,23.5118354552928
605,0.956722966090875,1,434.158733510235
617,0.837440776010601,1,87.60570716592
619,0.666303984696574,1,22.1369974531853
630,0.508498259840216,1,5.81927647540875
634,0.791455501237317,1,49.4764972737087
643,0.673352339497593,1,20.6088196306878
645,0.597242558802893,1,8.52144628136824
647,0.511831800264144,1,9.05058488379687
649,0.233497514912249,0,0
656,0.516042971346119,1,3.4130338874134
657,0.54240916639144,1,12.9123929913857
658,0.57435317177082,1,11.4197026764982
667,0.236586867246907,0,0
692,0.417822626726437,0,0
693,0.475095628446969,0,0
698,0.925247816607947,1,254.298574424054
699,0.915314841467499,1,104.224622392232
700,0.173474631085986,0,0
704,0.272872196967133,0,0
707,0.172008872400964,0,0
708,0.959798657300191,1,638.51399953835
709,0.417510219479586,0,0
713,0.391959396372103,0,0
714,0.240042993716032,0,0
716,0.910674859402572,1,71.90154789668
718,0.43005135659405,0,0
722,0.344504552509079,0,0
729,0.717587629899835,1,21.695560856316
731,0.162869753091524,0,0
733,0.873939853076715,1,44.036292487296
746,0.770793957740491,1,24.0605928649925
747,0.915305521625087,1,253.595064554652
748,0.788210538718881,1,41.0317388282434
753,0.61059299028661,1,14.1291485515871
757,0.834603020340741,1,67.6888174620446
763,0.0789828247323427,0,0
767,0.444309468800198,0,0
774,0.762126696436015,1,45.9359794685523
776,0.82469758018598,1,67.5119168905269
788,0.507514739945,1,6.54460538705748
794,0.49523284460981,0,0
799,0.554485251471066,1,11.7788356941844
803,0.370796023821822,0,0
806,0.852237675411961,1,85.11932162284
807,0.591867470947133,1,13.8663582497115
811,0.11896353359065,0,0
816,0.367394608635156,0,0
818,0.567448715050153,1,13.0697482314149
819,0.450463700180985,0,0
831,0.282092756176841,0,0
835,0.84382405301207,1,55.0932936704135
837,0.422279619662682,0,0
841,0.953953891733402,1,391.93414527547
846,0.751511584002493,1,37.9093557690725
856,0.673978482072234,1,27.5081611890099
861,0.835141552696098,1,43.2153712363023
862,0.859119068249315,1,66.0045223885477
863,0.959540734052663,1,333.15774283012
865,0.890940121884829,1,114.931967850104
871,0.838052248799405,1,52.9400196384751
879,0.684138645975533,1,21.2288050834854
880,0.379488354509784,0,0
881,0.48363426069391,0,0
885,0.705494809538063,1,26.7780570761027
887,0.706565690028057,1,16.365047358849
892,0.226052405671315,0,0
898,0.217383539672519,0,0
900,0.44195495117407,0,0
904,0.600030327751096,1,9.16607158104213
906,0.837084280923312,1,59.1508345934233
910,0.932217546698542,1,174.996992834803
912,0.682759777135936,1,12.8527757427883
913,0.63665696557858,1,15.4938613940271
919,0.281594876464049,0,0
924,0.858269228985655,1,78.2692263344267
925,0.797749917712796,1,63.1940131738941
930,0.422661208690014,0,0
940,0.589232860402845,1,8.82318388324535
941,0.448791668626519,0,0
946,0.560893366016957,1,11.1408354813991
949,0.738289432422039,1,33.9831040785277
951,0.250459919396951,0,0
962,0.119491656357483,0,0
966,0.182977599101333,0,0
967,0.0807288706412774,0,0
971,0.956741066067462,1,560.072672440123
981,0.0779632439830577,0,0
982,0.203262984238837,0,0
983,0.202156756228728,0,0
984,0.121067856859184,0,0
989,0.440078628990544,0,0
990,0.844818501101165,1,46.8623475768268
992,0.741384655323048,1,33.4895907097097
995,0.215882847346871,0,0
996,0.686531548646518,1,14.9328597181735
998,0.749518184199731,1,22.7814610328093
1001,0.260417814916539,0,0
1007,0.457586395923339,0,0
1008,0.235597503862497,0,0
1016,0.153176459600373,0,0
1022,0.175857144709447,0,0
1027,0.79836757207037,1,33.6255428312995
1032,0.692320273715414,1,17.9522896968728
1033,0.390237605782972,0,0
1041,0.525182738324611,1,12.4167816785179
1065,0.816936384047114,1,58.9275001793758
1074,0.725036209644054,1,21.924606667071
1075,0.685121303945305,1,23.0789073264943
1081,0.423766701686234,0,0
1094,0.178495835733604,0,0
1099,0.205375301543886,0,0
1105,0.829159481849984,1,56.2695629185568
1123,0.417406864780595,0,0
1135,0.0419859408892437,0,0
1142,0.481925805256364,0,0
1155,0.335690222609313,0,0
1169,0.0421371049707927,0,0
1176,0.0784854834526283,0,0
1178,0.92140568169357,1,175.933210889979
1180,0.0983844729080759,0,0
1184,0.35106115495181,0,0
1185,0.932531164159463,1,176.653596216189
1193,0.574068374908404,1,11.6263109736942
1196,0.488597430938901,0,0
1199,0.715589828131559,1,29.6959479202861
1203,0.617506765007112,1,10.9287860998787
1205,0.737648742376623,1,23.2651069720629
1207,0.138856290725015,0,0
1208,0.834476742058921,1,93.339390845287
1212,0.738275174318173,1,36.1265097039006
1213,0.900345208540399,1,92.6452399539705
1222,0.276830191240164,0,0
1223,0.586235626726544,1,11.1648328570804
1226,0.74204329763668,1,37.7264568821345
1227,0.741505211610163,1,14.4783340463432
1229,0.262209070435735,0,0
1230,0.593821781987388,1,18.5382211136765
1231,0.88444545685421,1,77.2677933086797
1241,0.204611441381237,0,0
1243,0.190459432714638,0,0
1244,0.325235016064614,0,0
1246,0.503976409960374,1,7.97792986029128
1248,0.362231816468679,0,0
1249,0.356687705713136,0,0
1252,0.300459068819195,0,0
1261,0.392841116461416,0,0
1275,0.362259594348871,0,0
1281,0.966743044299527,1,528.101814555674
1285,0.846913949542495,1,79.4803284679918
1288,0.801568045307599,1,55.776515813841
1290,0.205342226885542,0,0
1291,0.625743278185293,1,11.0105363979297
1304,0.923554722495235,1,190.797092151165
1305,0.429655503722957,0,0
1323,0.620499273649265,1,10.5590350036375
1342,0.894115275171413,1,140.646564239857
1348,0.530351732926311,1,13.9896514319236
1353,0.691252020228816,1,31.3126040646159
1363,0.437242642571766,0,0
1371,0.700382387092536,1,15.7432550556509
1372,0.710519701640065,1,21.8119145714976
1378,0.622359179880239,1,17.6247751173433
1381,0.651467327378698,1,17.5639144732241
1382,0.740899738648475,1,42.8681040544026
1393,0.851368125779814,1,65.6081828296729
1394,0.0989152977686704,0,0
1398,0.758521831526678,1,41.0798539658364
1404,0.815228381264668,1,41.1548668547615
1405,0.932421683576759,1,177.03360894953
1419,0.699375090335979,1,26.5313514309304
1421,0.294625250040124,0,0
1426,0.176999500800726,0,0
1431,0.779953970653948,1,50.3046816852852
1435,0.147549968906214,0,0
1437,0.757100361523963,1,25.8433153621237
1438,0.461219772716452,0,0
1442,0.817062230773746,1,58.8656511633859
1464,0.241553981414489,0,0
1471,0.550730631801569,1,18.1614439817538
1473,0.545351304628319,1,8.11910855187908
1476,0.145287340939301,0,0
1478,0.633138879540684,1,16.2907900899769
1479,0.845203052799562,1,77.3949354759434
1487,0.738989967254521,1,40.7461316179482
1492,0.63892517410325,1,25.4031935177129
1496,0.407530690159399,0,0
1497,0.799416454540189,1,58.6525570525053
1515,0.0707795935955805,0,0
1519,0.50231980782033,1,7.47766473593373
1522,0.840557067716439,1,77.3600570922385
1526,0.660496127760289,1,20.5071186063077
1537,0.15827814414177,0,0
1538,0.984997953026454,1,1395.07395034649
1540,0.56738250398799,1,12.7207594051231
1543,0.449135752629442,0,0
1548,0.597413785932944,1,11.4068787365252
1549,0.273298968848404,0,0
1556,0.884072104490293,1,125.941147551793
1564,0.0718027515031994,0,0
1570,0.705613820611839,1,32.6391293103817
1577,0.878868461467741,1,57.7570524817512
1585,0.413872306220383,0,0
1590,0.501439190186686,1,9.37201403424585
1592,0.920807553096933,1,147.297429117683
1594,0.709806950781096,1,19.3161242550771
1596,0.72124307932014,1,34.9430360591913
1598,0.554320184595921,1,7.40104645577502
1603,0.671352095409579,1,20.8272381241063
1607,0.701092414524807,1,20.6560570801218
1612,0.21164462060633,0,0
1627,0.110714319884429,0,0
1629,0.913278316137887,1,202.644442001718
1630,0.436676581996089,0,0
1640,0.447530815313574,0,0
1641,0.776615718191682,1,19.5054035326061
1646,0.580578456844906,1,9.81089786732521
1662,0.798294807673263,1,44.5848450157519
1668,0.431489762162517,0,0
1671,0.12619220515405,0,0
1672,0.871346325042299,1,49.3844326476904
1673,0.782587554226608,1,82.2951335704651
1686,0.674437269928241,1,33.5576086010042
1688,0.894434898958524,1,172.822919011207
1696,0.110291169517439,0,0
1701,0.130008102818988,0,0
1707,0.361669923548417,0,0
1708,0.405415153432017,0,0
1713,0.212250948143185,0,0
1715,0.468782911742247,0,0
1717,0.172961951721552,0,0
1721,0.531859506426452,1,14.8306367377666
1724,0.967560730022175,1,707.875771660497
1725,0.937750035359592,1,129.583311386632
1730,0.343919255958338,0,0
1731,0.871697376074419,1,106.053167859073
1734,0.683775807861214,1,20.5233043789985
1740,0.501358411559663,1,7.22167566949316
1748,0.12103294676904,0,0
1749,0.258990393047425,0,0
1750,0.859311012581148,1,93.518899905948
1763,0.540614588387512,1,6.74506769834073
1768,0.291026702104603,0,0
1773,0.880898646701752,1,60.8555209718938
1777,0.586694676567939,1,4.84558151829968
1778,0.731882170096489,1,28.0443222353512
1780,0.425673685933829,0,0
1782,0.676928503794052,1,18.4638200290396
1784,0.148043957846135,0,0
1786,0.463180601838775,0,0
1787,0.453750048851949,0,0
1792,0.555775832268819,1,10.0875023223158
1800,0.801983335139588,1,73.2337243923627
1801,0.418948358152921,0,0
1803,0.438510035906364,0,0
1804,0.79147806773282,1,48.3825968151022
1807,0.13757837753808,0,0
1818,0.553163157662099,1,9.73102313587532
1821,0.131049004383157,0,0
1822,0.241332552984373,0,0
1828,0.253584545451852,0,0
1833,0.647389769389571,1,34.7599648185354
1844,0.710522116870646,1,17.2072151187346
1847,0.636385775913576,1,24.1762908119548
1850,0.138113448590124,0,0
1854,0.797295447352624,1,42.561216440023
1858,0.618265567424379,1,10.3536449509217
1864,0.441530567661859,0,0
1867,0.310695163380824,0,0
1876,0.913943080913661,1,228.013603519848
1880,0.609648435792057,1,12.6682660602707
1881,0.209242907316977,0,0
1891,0.483144550696958,0,0
1894,0.609979510852993,1,15.7007470636523
1895,0.194597306517463,0,0
1901,0.756446830994604,1,22.9637476767234
1905,0.204326542525587,0,0
1912,0.750032012869358,1,19.0707043064758
1918,0.690973535877131,1,19.7621376743848
1921,0.779314625082386,1,51.711490352241
1923,0.695610198331824,1,16.4521325569615
1924,0.575158287592029,1,6.44073435233162
1931,0.348585398637543,0,0
1941,0.225248357909578,0,0
1950,0.256739624132463,0,0
1951,0.557124983619627,1,8.00640367227444
1954,0.0294510032833302,0,0
1961,0.717880247196315,1,25.521701323777
1966,0.0368010958606651,0,0
1979,0.383177878671698,0,0
1982,0.226162975017401,0,0
1987,0.934298119686166,1,209.874416943003
1997,0.691801477071506,1,17.2438355564626
2004,0.0963494458747161,0,0
2011,0.829112052005523,1,49.4322965500947
2015,0.656393991020589,1,17.3896226826903
2025,0.0325169219914378,0,0
2033,0.687230132125318,1,17.6398757067105
2034,0.0242413843420233,0,0
2035,0.508949053632059,1,4.46191122466196
2036,0.840272408519517,1,85.3345568918514
2053,0.90582866895644,1,125.511634027824
2059,0.91574868975069,1,111.641029891975
2060,0.103882443542419,0,0
2073,0.552316716479181,1,16.6323761904871
2084,0.628321213554155,1,21.679329164694
2089,0.227841531664173,0,0
2092,0.598903006360198,1,11.3534723518622
2109,0.790673451837805,1,31.9648799475969
2129,0.7533701248599,1,39.6544040372574
2134,0.684870064612731,1,20.2730721396911
2135,0.0908008765100369,0,0
2148,0.0569923238559736,0,0
2149,0.0762242440909149,0,0
2150,0.673757228974025,1,18.9473848812117
2165,0.926029364819221,1,194.517696027976
2166,0.147283283912567,0,0
2168,0.26173260395472,0,0
2170,0.519139043609933,1,6.3931299879786
2171,0.428943976826359,0,0
2172,0.0952041344053135,0,0
2176,0.434687270524921,0,0
2182,0.218401031656857,0,0
2189,0.374560774804468,0,0
2191,0.132370999688543,0,0
2197,0.0969618069555095,0,0
2202,0.320109749783498,0,0
2203,0.451557136407543,0,0
2204,0.869436673264223,1,89.6533605846694
2206,0.910535479530717,1,204.819370538392
2218,0.239178166279276,0,0
2219,0.360535199193117,0,0
2221,0.754333290711861,1,37.3438675686041
2226,0.340625686242434,0,0
2228,0.63992355459227,1,14.1138803500398
2232,0.831863944235628,1,101.385832054451
2236,0.599076231490194,1,13.8620676758471
2241,0.899598834765945,1,130.488813656235
2245,0.147297104883152,0,0
2251,0.689509678475047,1,20.6448362049232
2255,0.153927233982973,0,0
2256,0.0531907820410877,0,0
2259,0.0475676659561415,0,0
2263,0.705604490423857,1,15.754124545097
2264,0.180538073037864,0,0
2267,0.342656826086862,0,0
2273,0.938029712533309,1,231.325617214852
2277,0.917974233717645,1,278.518222040834
2287,0.466299987586301,0,0
2289,0.654080331940423,1,16.6990636389766
2291,0.172726893270387,0,0
2296,0.945006385289949,1,268.52600311793
2299,0.237946631150713,0,0
2306,0.169881327431212,0,0
2314,0.523006092853284,1,13.5770127604289
2317,0.0727685740881479,0,0
2318,0.915881319373308,1,94.8758700281992
2321,0.957006156573553,1,438.948155492185
2324,0.154555486020808,0,0
2340,0.757272201846568,1,26.5999766494902
2343,0.159683439271342,0,0
2349,0.543506706118225,1,9.83919007672988
2352,0.521452468958899,1,5.69611987790952
2353,0.638002592997664,1,19.4836385657368
2365,0.934598413854178,1,257.41034817641
2370,0.873877323644522,1,54.4724900790642
2378,0.344795252119651,0,0
2390,0.746828442491623,1,29.7405108579493
2399,0.525619199065626,1,9.81841266197675
2402,0.919841916046448,1,182.855412897338
2403,0.80701163286394,1,55.9336619560579
2404,0.237253417370661,0,0
2414,0.400156287515796,0,0
2422,0.625532524419553,1,18.2686491007179
2424,0.372337203474846,0,0
2430,0.744636080920582,1,38.3320787013173
2435,0.652251016508595,1,22.9401323587972
2439,0.226232169103047,0,0
2442,0.786687355071345,1,38.2653529041288
2445,0.620621258424194,1,14.4991988824837
2449,0.591634952109676,1,8.88933065120801
2451,0.633524484893144,1,19.0055597189585
2461,0.950284268252586,1,773.586411532491
2464,0.383346307512276,0,0
2465,0.866735364225713,1,73.7401932005718
2472,0.182573974007927,0,0
2476,0.7344570180505,1,27.9513605655887
2482,0.577698671141301,1,10.7133706850059
2487,0.473651143470835,0,0
2498,0.537363655682567,1,11.0959249398224
2501,0.19047269876846,0,0
2504,0.465823142534605,0,0
2511,0.605264873063757,1,16.4432574969121
2518,0.15681021375093,0,0
2521,0.428003355523016,0,0
2530,0.293859948007426,0,0
2543,0.817380952368963,1,41.4665869609315
2545,0.864970817474076,1,104.598954305694
2561,0.673324920926941,1,20.1167906605397
2566,0.802262213179177,1,47.6474113214558
2572,0.465345518670298,0,0
2577,0.259081958464005,0,0
2578,0.563453259516706,1,8.37290064078658
2580,0.634945675059608,1,11.502783499236
2581,0.412647980192702,0,0
2582,0.204531242285268,0,0
2584,0.161317274483027,0,0
2590,0.0933029934220261,0,0
2598,0.0240942753660477,0,0
2602,0.434684189679955,0,0
2605,0.0406909909735196,0,0
2616,0.568782645459834,1,10.0303243128522
2618,0.451241362057486,0,0
2619,0.6843390383068,1,35.3523017142735
2624,0.135446974577663,0,0
2632,0.632247016067031,1,10.8419434119557
2640,0.532907804158567,1,11.4623408943991
2646,0.0446986485126341,0,0
2651,0.376671113469875,0,0
2660,0.108962698973981,0,0
2661,0.164547943478,0,0
2668,0.216747581176344,0,0
2670,0.794343948876272,1,32.2783955445642
2680,0.692784962266721,1,25.3828931052895
2681,0.0780880849576532,0,0
2689,0.569094828515022,1,13.9663799666756
2694,0.216946299738283,0,0
2695,0.945269082924805,1,309.147638874994
2696,0.811188165102959,1,47.4759668654041
2702,0.213633685963449,0,0
2704,0.339716604334418,0,0
2708,0.293297247892626,0,0
2709,0.281104406760275,0,0
2714,0.7624784542037,1,29.039018899392
2716,0.243489786556073,0,0
2723,0.307454268530074,0,0
2725,0.782763718153916,1,27.629624079139
2738,0.264871662719265,0,0
2750,0.787971453932281,1,31.9299293668219
2756,0.617799344867122,1,12.311857946229
2758,0.220741538696792,0,0
2766,0.759839115941963,1,33.459104965811
2767,0.708925559334171,1,15.7426932383456
2771,0.60237733353385,1,8.34398684920284
2775,0.788342650021064,1,31.167295320863
2776,0.344406782104673,0,0
2779,0.989746800326053,1,2463.63326054643
2780,0.723314187369491,1,19.263403372708
2781,0.729365574098901,1,22.5677463762334
2782,0.890150789024285,1,69.9966340664228
2783,0.32973557809057,0,0
2796,0.400268251952593,0,0
2798,0.600860891386196,1,14.4789049792984
2800,0.213719525948898,0,0
2803,0.333632500758739,0,0
2806,0.00915761141156651,0,0
2813,0.303811077001408,0,0
2818,0.470374112308332,0,0
2821,0.752329097478554,1,22.6584253956975
2825,0.625984923201857,1,11.0196470070986
2829,0.142740848788763,0,0
2830,0.775306703019571,1,83.106678461994
2833,0.255207844925819,0,0
2839,0.95998407455982,1,403.197344327597
2843,0.189510744190217,0,0
2846,0.285255135485566,0,0
2847,0.320547944709869,0,0
2848,0.314095343829391,0,0
2856,0.959420021547666,1,759.302694644438
2863,0.780411989696115,1,44.9869479304435
2867,0.830422681819623,1,32.0360069576383
2869,0.403200392686885,0,0
2873,0.0290896115465279,0,0
2874,0.714273974296987,1,21.9643245371428
2875,0.770834293310941,1,44.3207316745519
2880,0.805463687446294,1,41.4502648648059
2886,0.788210567868079,1,31.4352223141134
2887,0.758334206508039,1,31.6869170329526
2888,0.604738285924832,1,12.0634527212836
2889,0.833548444471531,1,95.2771112154815
2890,0.828171559194499,1,62.7230275348795
2892,0.547624635847053,1,11.3127845320368
2901,0.572374442512592,1,8.38751310064828
2902,0.466152410468136,0,0
2905,0.697766714257728,1,16.543605348916
2917,0.55800736993876,1,14.4926004723641
2922,0.778034016245996,1,32.2218341662776
2924,0.269109784294534,0,0
2930,0.490554064378336,0,0
2931,0.320753152611817,0,0
2946,0.344744060467582,0,0
2955,0.601280597914665,1,21.0962870371524
2962,0.0411370606071427,0,0
2964,0.109628298932687,0,0
2965,0.788608877923383,1,75.1024698736837
2967,0.0692560488804599,0,0
2970,0.199701825210182,0,0
2973,0.708351208066354,1,26.2014134138156
2974,0.534750093541305,1,8.73734012750555
2976,0.886585068829717,1,120.46774285695
2977,0.574361074464037,1,11.2228125757972
2978,0.508922009472493,1,8.23121509068187
2986,0.281520714596127,0,0
2988,0.719061416733315,1,25.3378208979643
2989,0.584780758644644,1,7.76522960850474
2995,0.924555502154635,1,204.175106075615
3005,0.783036371576575,1,62.6084346366389
3011,0.386710357729655,0,0
3013,0.0876283316954133,0,0
3019,0.861662041177192,1,78.9297328776359
3021,0.0789994794313302,0,0
3022,0.735238012394598,1,34.7916904437149
3029,0.454718924321678,0,0
3037,0.600697562682894,1,4.65329582301522
3042,0.649809603982332,1,17.7125071521906
3043,0.46123929151761,0,0
3049,0.316411239909076,0,0
3050,0.892046891278782,1,131.681604207161
3053,0.509482119252753,1,8.21206620925799
3058,0.634170517963493,1,10.8459451635243
3062,0.578817410206504,1,9.14399962290713
3063,0.732737793620911,1,52.1519478288694
3065,0.10224222448771,0,0
3080,0.194659642516153,0,0
3088,0.546949670940378,1,10.0368305782395
3093,0.888325593771178,1,84.2291193443703
3096,0.773681596061379,1,27.225201709736
3101,0.654379798717731,1,16.8866072434528
3103,0.643608734136969,1,11.1578204215881
3107,0.701970757067061,1,25.0650809077212
3109,0.155307354303539,0,0
3111,0.211047502330435,0,0
3113,0.949459323716768,1,317.832863591263
3116,0.0173184656076296,0,0
3132,0.41075707119074,0,0
3141,0.55438734259186,1,10.1630126980335
3153,0.579343371883261,1,11.1954247375211
3154,0.127214231058746,0,0
3160,0.410859940143765,0,0
3167,0.217988705555492,0,0
3170,0.624471781366929,1,24.0429008798871
3173,0.771437110165278,1,34.0139031884179
3174,0.556423453532852,1,11.816158323151
3177,0.591649160693377,1,6.97315195997738
3179,0.421542278408976,0,0
3184,0.72254251374533,1,21.1045199893751
3190,0.660772824545207,1,15.553789281714
3193,0.18117750260607,0,0
3199,0.683073301434273,1,26.4936078383286
3201,0.245638674337848,0,0
3202,0.512499675112452,1,10.4433017438466
3203,0.816877486812066,1,57.8349206756516
3206,0.821189378031227,1,123.757501507484
3209,0.161457416616787,0,0
3210,0.837929402178985,1,38.2980924367358
3217,0.614785234504696,1,12.6081801353611
3220,0.306272423806122,0,0
3228,0.692228048540089,1,15.8336453867961
3232,0.117101843932285,0,0
3239,0.384164584379281,0,0
3243,0.839227731954191,1,39.0316260253304
3245,0.378105936835195,0,0
3246,0.722997542278461,1,25.3736653580566
3251,0.16030603216443,0,0
3253,0.610762762404851,1,14.7832734117428
3257,0.280964379375032,0,0
3260,0.0572592146158635,0,0
3261,0.578258896022103,1,11.4536824224081
3263,0.608535413570852,1,18.4679645978232
3278,0.572944012395076,1,7.50374719856199
3281,0.463940329903397,0,0
3283,0.254190157200798,0,0
3290,0.0765712262272823,0,0
3297,0.571942636005023,1,13.9980213407206
3304,0.244145813201835,0,0
3305,0.696219544519287,1,23.0652752228945
3307,0.181647245267015,0,0
3308,0.772114094793493,1,17.7657076685036
3313,0.6244935609133,1,16.6282504687696
3314,0.464907344619216,0,0
3317,0.34904818974207,0,0
3348,0.25210058577679,0,0
3350,0.673712961463246,1,15.9351987103877
3359,0.159505844349961,0,0
3367,0.213972292361727,0,0
3376,0.519205904108264,1,3.10848337418368
3378,0.645268111434989,1,19.6443391082468
3384,0.937819913129034,1,252.337825397009
3386,0.3153479445999,0,0
3387,0.404732831905182,0,0
3388,0.455802896154784,0,0
3390,0.117352217472881,0,0
3391,0.694801936264957,1,15.1825690920613
3396,0.587084372507821,1,11.5923825849013
3398,0.125473633470877,0,0
3404,0.184835244993285,0,0
3406,0.154454035150028,0,0
3407,0.188763115995933,0,0
3414,0.232487960196046,0,0
3419,0.350515936026096,0,0
3423,0.864484043061761,1,71.0811103823099
3427,0.195179015267771,0,0
3432,0.232661006014081,0,0
3434,0.128319712389914,0,0
3438,0.111394730992828,0,0
3442,0.39473280349903,0,0
3443,0.140352199794389,0,0
3448,0.207437473101207,0,0
3456,0.258326496584329,0,0
3464,0.312944169977841,0,0
3470,0.890367633054494,1,97.9620769051151
3475,0.763688603786735,1,34.1710926996864
3477,0.668086776063658,1,27.5125509955097
3490,0.254957166530409,0,0
3493,0.633326674091772,1,19.1540068763564
3502,0.793891085113068,1,47.7748756202066
3508,0.145221221487649,0,0
3516,0.249090547357685,0,0
3517,0.564246076975831,1,10.1068535730025
3525,0.5860439265044,1,9.67184610445501
3532,0.917722094773948,1,160.907564799359
3535,0.628149300734419,1,17.2530050363942
3536,0.934796689708387,1,179.487873770008
3540,0.408827794581925,0,0
3547,0.769390651014511,1,54.340608718596
3550,0.77799125364048,1,70.7498069162172
3557,0.904776243067773,1,191.769629658733
3562,0.311985470915359,0,0
3563,0.421018251559562,0,0
3564,0.607129401500144,1,14.6969243163364
3570,0.275025039776397,0,0
3573,0.602928929354636,1,18.5347565568622
3577,0.800279786770089,1,40.4616547292057
3579,0.828736357090436,1,53.856518761379
3581,0.157415363776088,0,0
3587,0.566398993436492,1,10.9594866222371
3602,0.737317625420373,1,21.3645797385204
3609,0.664944914409959,1,24.0329846178131
3612,0.440333966217069,0,0
3621,0.738131464339802,1,22.8149992081346
3642,0.57297982468009,1,10.485120125878
3647,0.925827669413335,1,154.812112513087
3649,0.770732994774928,1,34.8375008468493
3654,0.747625119639005,1,54.4942109595679
3660,0.802313464515255,1,31.837358406188
3665,0.883927713026921,1,132.378866669271
3669,0.728085364496891,1,20.3927764039894
3673,0.499767640264189,0,0
3675,0.677107519182313,1,15.7651803875746
3678,0.226372992194985,0,0
3680,0.656319970977524,1,25.2027006663458
3686,0.777996962100219,1,73.0465933508219
3693,0.574615626162327,1,20.8015661762926
3710,0.874749246246386,1,84.0984981583756
3713,0.165477225376322,0,0
3718,0.807711460063614,1,50.7679526698979
3725,0.28639163229478,0,0
3726,0.683894274269844,1,23.4362455126329
3747,0.507798301783211,1,6.06183976165152
3753,0.0627682037360998,0,0
3754,0.602862930211242,1,11.4175181382783
3760,0.944125006296052,1,278.322164173792
3763,0.171677485146908,0,0
3765,0.703506964247851,1,23.9379763850043
3769,0.482692578488319,0,0
3771,0.788822659040283,1,33.9467732087259
3784,0.258783345160078,0,0
3787,0.351872005116371,0,0
3794,0.704887292537506,1,60.0274320334333
3796,0.177255135094308,0,0
3798,0.193829116118259,0,0
3809,0.468462130927816,0,0
3812,0.688741715909959,1,20.7334273562983
3819,0.505463794247383,1,8.78338791626518
3828,0.491359048724371,0,0
3831,0.584200831067731,1,10.9882872917365
3833,0.275439714823595,0,0
3837,0.916603723131501,1,293.356614376895
3839,0.93349553567814,1,181.387712684881
3843,0.725093068905833,1,43.3264178133246
3846,0.305759566964486,0,0
3854,0.157393828975038,0,0
3861,0.203448228415577,0,0
3864,0.757730942990786,1,33.7231351409868
3868,0.19910489609934,0,0
3869,0.482640253411469,0,0
3870,0.370784623162335,0,0
3883,0.48568414163502,0,0
3886,0.163301333197638,0,0
3889,0.672430236159098,1,27.8706012173635
3894,0.658081842699489,1,15.8788795157545
3907,0.135890955842147,0,0
3910,0.220199636424634,0,0
3913,0.0934568623849611,0,0
3914,0.690874218228748,1,23.3708188304955
3921,0.530264163975609,1,11.3202667768093
3923,0.071756501425726,0,0
3929,0.844323563153563,1,68.5422761784001
3931,0.816692268956452,1,88.3657046110558
3932,0.556366111970973,1,19.0956158631944
3937,0.836697365838456,1,48.5115601172317
3943,0.555788590700609,1,10.6502634107543
3956,0.840914236896401,1,118.605913790155
3957,0.777789854057366,1,24.95569468447
3961,0.83275234074372,1,46.8724016721437
3971,0.576166775903323,1,7.60846711093403
4004,0.57660492152545,1,7.8083842321702
4005,0.241460439749395,0,0
4006,0.0451513499785663,0,0
4011,0.341224753636723,0,0
4013,0.305597029717347,0,0
4014,0.200829583159854,0,0
4016,0.849915686110393,1,60.0176246341016
4017,0.0720891208017415,0,0
4020,0.199832617522499,0,0
4022,0.328830753869035,0,0
4026,0.437775030104707,0,0
4032,0.408290114871021,0,0
4043,0.411719786514389,0,0
4045,0.587214828420731,1,10.7745340550039
4048,0.367036015119914,0,0
4051,0.278902587586763,0,0
4052,0.553015619994467,1,11.7799489279485
4056,0.142401700447844,0,0
4059,0.146965462110746,0,0
4069,0.126190990674611,0,0
4074,0.783931393071355,1,37.8370482015186
4076,0.673111897223404,1,13.9639586718098
4077,0.889433621719967,1,118.444899648877
4079,0.912485880630973,1,172.014248797215
4081,0.896361327116252,1,122.563449729633
4088,0.454678590443492,0,0
4105,0.242728895771364,0,0
4125,0.549044047333648,1,9.00979189751568
4134,0.813245448502831,1,75.0001271472807
4139,0.0130452679142727,0,0
4146,0.181601309263434,0,0
4149,0.426632952271396,0,0
4151,0.92869107518552,1,230.393478744583
4155,0.355522453731435,0,0
4157,0.38106611900159,0,0
4168,0.818788620888715,1,56.2412924330928
4170,0.618937741537363,1,20.904281022095
4174,0.347783678727607,0,0
4179,0.649396826217296,1,17.5020987331891
4185,0.38050815204143,0,0
4199,0.863842600518887,1,78.1749689528853
4205,0.380686803956956,0,0
4208,0.0855307145807319,0,0
4211,0.895415780350823,1,110.185889774264
4212,0.287110923715113,0,0
4215,0.829579301180578,1,82.5078176707525
4217,0.276628801691115,0,0
4219,0.955888854272073,1,398.998655235294
4226,0.816578555274483,1,34.005293910015
4227,0.619034492004553,1,17.1134929065745
4229,0.173140522278145,0,0
4231,0.464528584909881,0,0
4233,0.0274050652567676,0,0
4237,0.645322204740236,1,17.3040826415595
4243,0.745981572382163,1,23.4828950468553
4248,0.388122036739048,0,0
4255,0.350448941461165,0,0
4262,0.149481361599095,0,0
4266,0.826396204901493,1,75.901863269352
4268,0.627573833186589,1,18.7322822875489
4270,0.862085108200378,1,112.950841684062
4273,0.162635649634704,0,0
4276,0.28730353680674,0,0
4277,0.534509757697818,1,6.86770831043401
4279,0.593597314756072,1,17.3269735891782
4299,0.357808415898001,0,0
4313,0.141062702842192,0,0
4322,0.108415378583124,0,0
4324,0.140333649491754,0,0
4328,0.682960102689058,1,55.3155743379144
4331,0.566545044170567,1,17.2477039761994
4335,0.183925742419577,0,0
4337,0.79830296713232,1,29.226678095838
4338,0.76467431726437,1,27.8394478123467
4343,0.266337918475996,0,0
4347,0.335416700074041,0,0
4355,0.887532398874715,1,153.034305123771
4357,0.0176174686661169,0,0
4359,0.100692963730056,0,0
4362,0.466697427478232,0,0
4368,0.809356329213592,1,44.9708893392647
4374,0.304113333151904,0,0
4375,0.803787431502463,1,53.3591938203778
4378,0.8314680095627,1,29.5428171472306
4381,0.91405947711672,1,181.623127866123
4387,0.30904175072774,0,0
4400,0.0915136240366818,0,0
4423,0.485894187677339,0,0
4424,0.127626372780776,0,0
4428,0.740611987740298,1,28.9385519428522
4433,0.836429286097833,1,93.2995679735006
4436,0.787138445477838,1,36.9168543598827
4437,0.473383658225926,0,0
4439,0.690804549354438,1,26.1139899062697
4449,0.390540457930506,0,0
4456,0.30572100377336,0,0
4463,0.378905693012631,0,0
4467,0.240379704787017,0,0
4468,0.174336531975545,0,0
4469,0.19028179866991,0,0
4472,0.581347613805441,1,7.16646721094371
4473,0.101181014884452,0,0
4476,0.901372290836534,1,183.46997662374
4500,0.0684880584059655,0,0
4509,0.474943379389294,0,0
4513,0.977630634037854,1,661.153618407561
4521,0.124389466774244,0,0
4527,0.724569300764671,1,44.0099765730719
4530,0.49846650614578,0,0
4532,0.797361071815807,1,35.8902971055506
4533,0.377571789143972,0,0
4535,0.601499467946146,1,11.5704770874718
4536,0.74513725760596,1,38.2614490614624
4542,0.576615981690034,1,15.3897218095393
4551,0.905280158687983,1,213.953878245402
4554,0.336125510394241,0,0
4555,0.793241591761182,1,46.1388892551268
4564,0.58596030777805,1,13.2326966862395
4572,0.847642652354737,1,72.9235048079244
4573,0.321482879471436,0,0
4577,0.598558792283841,1,13.9584886050112
4579,0.561600247173837,1,7.65840640420545
4583,0.30441047774051,0,0
4584,0.76168340152227,1,36.2990734270437
4596,0.141271905831024,0,0
4599,0.594604805841799,1,8.78530436655549
4607,0.704697099072821,1,27.8057625013592
4609,0.766187458514482,1,36.2837424750861
4610,0.173175037174556,0,0
4616,0.811399738118788,1,39.9780293320472
4617,0.735929176131966,1,31.8919578301265
4633,0.511455692499952,1,8.62921390058325
4638,0.63780368763437,1,18.4766033754532
4641,0.141891072864331,0,0
4653,0.774500174224479,1,42.2662342806035
4655,0.673888477445075,1,13.1452048024199
4659,0.683083772361558,1,19.1497166083584
4669,0.300744485774753,0,0
4678,0.185668965773845,0,0
4685,0.874279119023472,1,79.9907628092696
4686,0.455936716307449,0,0
4691,0.647553143056707,1,15.8065728535671
4695,0.411773368654762,0,0
4698,0.641393121435354,1,22.4787849766202
4700,0.865046870013041,1,77.8417859826941
4711,0.39895684975814,0,0
4722,0.11620498325279,0,0
4727,0.676764598506744,1,25.5625306821377
4756,0.0324412525705366,0,0
4762,0.628627293249104,1,17.0082139344207
4763,0.748269456166469,1,18.3200982006275
4766,0.240454308011131,0,0
4770,0.35671858972384,0,0
4784,0.653137557577596,1,19.9582956599807
4791,0.298004969461687,0,0
4795,0.215955575894506,0,0
4799,0.9285342980082,1,94.4572166141671
4802,0.79293609085248,1,44.7263561776587
4805,0.827276820976989,1,74.4267470978972
4814,0.839178777775855,1,64.7460091518272
4816,0.676708366948548,1,23.9019528756596
4817,0.18641857988107,0,0
4822,0.703097727075233,1,21.9517310064409
4827,0.854318286046503,1,56.3598231906267
4833,0.539526625653799,1,7.09981918713394
4836,0.0545751630878081,0,0
4842,0.678656501962329,1,20.0815230804258
4844,0.204535673126202,0,0
4845,0.683711249082446,1,23.6477192217918
4849,0.690488182578573,1,14.1818813903438
4850,0.641298889346321,1,20.5396008501901
4860,0.114328636285207,0,0
4863,0.607533901616108,1,24.4936070149482
4871,0.350114851490356,0,0
4878,0.582780541029125,1,12.7770691957254
4881,0.894921513333733,1,145.091247469989
4888,0.806156978740062,1,51.7953794968371
4900,0.57846469301719,1,11.1033308899897
4906,0.755375843874376,1,35.4352754239909
4909,0.0843713763793984,0,0
4916,0.395436346562597,0,0
4918,0.672999270482553,1,22.6202812464906
4926,0.642871750508507,1,18.1447933451342
4928,0.340212121144227,0,0
4941,0.67720350154695,1,35.6146955529971
4946,0.487358448243443,0,0
4949,0.22623036105525,0,0
4956,0.0999347132648633,0,0
4966,0.266709856179033,0,0
4969,0.780949857936603,1,56.6810945306172
4973,0.364475370343619,0,0
4978,0.744074324558525,1,27.4627442814199
4982,0.775740498981385,1,65.1457367573147
4985,0.109210614952383,0,0
4991,0.364408709254309,0,0
4998,0.107963891416847,0,0
5000,0.859845330947939,1,65.7794391281194
5004,0.711806059453985,1,31.6010506494766
5005,0.879018404516135,1,171.154601653959
5011,0.952177154673312,1,385.600621640885
5016,0.845314275845608,1,46.2177584772385
5018,0.195294246813766,0,0
5034,0.385795824796066,0,0
5038,0.0758180279114716,0,0
5042,0.218787062580859,0,0
5046,0.191082136828088,0,0
5051,0.421040316201717,0,0
5054,0.400564829193688,0,0
5057,0.672123180773366,1,17.2806942378262
5062,0.146839724531622,0,0
5063,0.181205329146719,0,0
5065,0.3695675473128,0,0
5066,0.449318261849132,0,0
5076,0.593262895533956,1,7.14409517943288
5089,0.401246388288158,0,0
5092,0.902445220016563,1,82.0263288075956
5093,0.801540878116611,1,47.9588385509796
5094,0.0679558723183332,0,0
5098,0.939761554838356,1,197.779879992593
5102,0.134897405324236,0,0
5112,0.661673157093086,1,17.1909360778139
5117,0.780498368553224,1,27.8119367347976
5127,0.811601112338305,1,61.7903090375383
5130,0.654044416977885,1,13.9598207816105
5131,0.754401879375499,1,40.8423401920512
5132,0.890659142489745,1,81.9091981548301
5135,0.881167478595569,1,131.674342290478
5136,0.0721449007100503,0,0
5147,0.838313906821984,1,63.203914236753
5157,0.206879227211801,0,0
5160,0.588948225228321,1,8.69220586573617
5165,0.0677592817056469,0,0
5166,0.84804872551897,1,56.6285229763329
5172,0.867890138558592,1,112.176047715788
5173,0.399199262502876,0,0
5179,0.921446602623003,1,193.289594950148
5184,0.795351578289001,1,32.727006052755
5187,0.148834103592801,0,0
5191,0.214895723942851,0,0
5193,0.357051264778108,0,0
5194,0.420937008446594,0,0
5199,0.548889423907968,1,12.3966379083216
5212,0.116288573565308,0,0
5213,0.827111006814017,1,59.975085329282
5224,0.628561338280471,1,25.3704927309195
5226,0.416055619637887,0,0
5239,0.476322431740545,0,0
5252,0.939836810236943,1,363.441099774381
5264,0.446705392962682,0,0
5266,0.0470035926249054,0,0
5271,0.0669217330110442,0,0
5273,0.135537196732361,0,0
5276,0.901438030515297,1,89.7473937965906
5278,0.146192404312316,0,0
5281,0.826693860723803,1,58.029064650412
5283,0.819864488977975,1,67.2457979108649
5291,0.235391054086891,0,0
5294,0.702425264289222,1,16.2217348708668
5296,0.868887793477172,1,50.6626883815416
5297,0.96594753622362,1,884.003391238713
5313,0.0537788248950606,0,0
5314,0.63151980134249,1,12.1123595226209
5321,0.581657358964073,1,6.78347526669086
5325,0.0366089703639429,0,0
5326,0.520870013161538,1,6.17897854489584
5328,0.084432366680164,0,0
5334,0.351440161053763,0,0
5338,0.734662652790771,1,41.658304469705
5344,0.501940728452523,1,13.6810285575298
5348,0.490242645984478,0,0
5352,0.43996162376266,0,0
5353,0.255934668111098,0,0
5354,0.667081118953257,1,27.5135706769879
5361,0.941606728337043,1,491.226656804361
5364,0.0691741198750776,0,0
5365,0.25374560235396,0,0
5367,0.764697910621505,1,27.2779796540404
5379,0.71086804147172,1,20.4438989034165
5382,0.745536544670804,1,20.8580016348816
5386,0.541094920611177,1,11.8709170932994
5395,0.212850938237356,0,0
5410,0.457510140611543,0,0
5411,0.393429874545051,0,0
5416,0.688357919268491,1,27.7107965486088
5424,0.826892894176094,1,81.0653319532095
5426,0.490130782826166,0,0
5428,0.647472880884322,1,15.2301435988374
5430,0.572214040338002,1,6.77076678696518
5433,0.477894905402436,0,0
5437,0.0208658203056606,0,0
5440,0.606395053597559,1,8.79523002135863
5442,0.947162861358139,1,338.233817473317
5445,0.778671595899426,1,43.2316900444311
5449,0.552261990522539,1,6.69186724608341
5452,0.715496278450834,1,28.0593112036973
5460,0.872097868493055,1,79.9345034541786
5461,0.0854449859937687,0,0
5465,0.30850954841598,0,0
5467,0.345070531650097,0,0
5471,0.632583723090899,1,14.6711864585156
5474,0.772534059573288,1,35.7745041432094
5475,0.129994087200866,0,0
5480,0.112088383477334,0,0
5481,0.518210445857623,1,13.7623349007924
5484,0.292578551067509,0,0
5494,0.206307092205088,0,0
5495,0.896582338074174,1,125.160086768807
5497,0.186858146109695,0,0
5499,0.785865911382145,1,28.1720362133945
5507,0.130681912271205,0,0
5510,0.323004078332259,0,0
5515,0.338307024574161,0,0
5516,0.190855633812039,0,0
5517,0.553955430071194,1,8.06790197405761
5524,0.245674816876456,0,0
5530,0.403659883629278,0,0
5534,0.60572280160575,1,12.8680722100452
5543,0.782183468293862,1,33.9497557399597
5545,0.868157817767284,1,74.5586352277078
5558,0.342151203604345,0,0
5562,0.476211295706603,0,0
5573,0.896287302840459,1,102.317594759727
5581,0.391707574678206,0,0
5583,0.747093331810081,1,34.2322585383231
5587,0.757810284369783,1,33.9726824298346
5589,0.943318910092538,1,332.320202928265
5591,0.473937974006138,0,0
5596,0.647991692356907,1,15.4222684968913
5606,0.929417370275172,1,201.513202227729
5608,0.497570651128077,0,0
5611,0.236848490371634,0,0
5612,0.62202791070221,1,9.22740075022842
5614,0.506667173340952,1,9.97022588414
5620,0.0929004200941963,0,0
5623,0.231142372666328,0,0
5624,0.303791931957537,0,0
5626,0.600948003116254,1,13.2333108016399
5633,0.571883537942414,1,8.11264386277456
5635,0.212334395949273,0,0
5640,0.834435964509749,1,38.4289029663255
5643,0.479287014395962,0,0
5644,0.699279353242498,1,23.7727949300293
5653,0.655233721314139,1,15.649117921238
5663,0.07872205242648,0,0
5664,0.833477566108626,1,79.324496548637
5667,0.735986861462185,1,25.474078296703
5671,0.767038883708175,1,47.0360541985188
5673,0.824113572076043,1,56.0434064459439
5676,0.176976222926963,0,0
5678,0.207141640567955,0,0
5698,0.610255150205809,1,12.7860511625382
5700,0.107386759800323,0,0
5705,0.56971404063287,1,16.9075104955388
5706,0.929903515231863,1,220.906111242584
5711,0.181135537732234,0,0
5712,0.956855995100793,1,550.563594274171
5716,0.594142525136382,1,11.3604552868804
5719,0.660105880106254,1,17.2467024048204
5725,0.946970668884545,1,370.532202392073
5728,0.261623665990499,0,0
5734,0.218641686554596,0,0
5735,0.156671666495855,0,0
5743,0.529656147251513,1,5.95732045871572
5754,0.539189708409309,1,9.73256649751976
5755,0.646169741303065,1,17.9849711843634
5756,0.368780262055664,0,0
5766,0.0740067284791548,0,0
5770,0.845055428211717,1,54.603975204402
5774,0.541271062445117,1,7.66078561841203
5775,0.0682258135994566,0,0
5776,0.49220193159926,0,0
5778,0.0961805858851034,0,0
5786,0.813624778266249,1,114.634792000911
5787,0.636609011596743,1,22.2456970816431
5791,0.450260235744826,0,0
5794,0.549711441598074,1,14.5257945535165
5803,0.557111975753357,1,10.1280517131911
5804,0.506937152272961,1,9.88045133262816
5808,0.334901166400717,0,0
5810,0.0819777368343612,0,0
5813,0.891000983504135,1,64.8736424331933
5828,0.454769138956658,0,0
5839,0.776370857396373,1,19.4875422115651
5842,0.774792871217903,1,29.6207700580918
5843,0.109133221035219,0,0
5844,0.524804010621106,1,9.26917295357102
5847,0.835604569693149,1,71.8542325587457
5851,0.0550751485537083,0,0
5854,0.197914961127462,0,0
5857,0.0658389526036586,0,0
5866,0.784269088186361,1,39.6592426644829
5874,0.758494611375698,1,25.60591505162
5886,0.189592379994685,0,0
5895,0.272832652237819,0,0
5897,0.21715709241705,0,0
5898,0.578838366934425,1,10.4256471957526
5900,0.923470354857291,1,379.918693509399
5902,0.66287662594796,1,25.4356138688308
5908,0.901598123253531,1,99.1407258031903
5909,0.0736791268052141,0,0
5912,0.0942743655271069,0,0
5913,0.267440081481906,0,0
5917,0.656841570483771,1,28.0131433299289
5918,0.864505346871676,1,173.678560867686
5921,0.363378794250485,0,0
5931,0.558681048896641,1,15.5548637946253
5942,0.675820128605913,1,23.6098225559519
5943,0.904474473723829,1,188.331830098214
5950,0.136474549941816,0,0
5954,0.0202868057079075,0,0
5983,0.0751594413230473,0,0
5995,0.93336309474993,1,329.826487972806
6002,0.247635929819593,0,0
6005,0.0894124862902844,0,0
6009,0.670065616557855,1,17.8894264060302
6011,0.013575771892835,0,0
6012,0.0693605009020837,0,0
6019,0.640151071095709,1,9.06457376149645
6021,0.372542698898202,0,0
6029,0.839870138314287,1,92.6908621116407
6036,0.66100087766204,1,37.4818305686256
6037,0.0316424393823158,0,0
6038,0.197537205662167,0,0
6043,0.17321923928612,0,0
6045,0.425959832287643,0,0
6047,0.951728060697356,1,280.282843720679
6048,0.140643796581038,0,0
6061,0.730747957997571,1,15.6102727505994
6063,0.488466869374406,0,0
6064,0.242035674034647,0,0
6068,0.898055466287371,1,137.269190765177
6069,0.137119448862696,0,0
6070,0.725471310616293,1,24.5510438792337
6071,0.531700564995366,1,5.96435339813418
6074,0.434105727051227,0,0
6079,0.676101757048114,1,28.0062100338038
6082,0.0999327585116315,0,0
6088,0.960104907842465,1,693.6140315884
6094,0.303564531003114,0,0
6095,0.555155082597376,1,14.3953728194925
6098,0.788844219418119,1,32.5268207701867
6102,0.0839470584214002,0,0
6105,0.744523503870153,1,35.4816293005946
6113,0.292806634923823,0,0
6116,0.551880377073848,1,15.4916317007358
6120,0.684644164849379,1,15.5100873509552
6121,0.605488464878242,1,14.8710495007293
6126,0.643183608968239,1,14.0920314831908
6144,0.306839237926048,0,0
6145,0.115712283567098,0,0
6153,0.657412797461002,1,18.8287706208072
6156,0.43515277926066,0,0
6159,0.494034192989375,0,0
6162,0.170305683270718,0,0
6184,0.880678835178439,1,72.6730666404373
6188,0.65099979804291,1,11.7764952791356
6189,0.682080801227778,1,21.8739242178893
6191,0.841560297193495,1,59.0563276772357
6211,0.797841946600962,1,53.5079430388977
6216,0.50804881498303,1,12.5907013745395
6218,0.877968559565419,1,93.6075000733679
6222,0.468621606901662,0,0
6235,0.463877273921305,0,0
6245,0.487610501860421,0,0
6248,0.842406965338605,1,60.7635427324598
6253,0.62439787737349,1,13.8754364659862
6256,0.0349965221867378,0,0
6257,0.753136006683453,1,30.4745734672568
6259,0.697308202543817,1,23.6581625137601
6266,0.372994968462664,0,0
6268,0.624136802788654,1,13.0423723100141
6275,0.561927270977631,1,7.39779615314305
6280,0.912359102080017,1,161.777505251035
6283,0.695376227741268,1,23.86646567391
6288,0.198056040534791,0,0
6289,0.236041978876227,0,0
6301,0.207621510829789,0,0
6308,0.522531528782989,1,6.72473623269029
6314,0.139150646707156,0,0
6315,0.319340980147949,0,0
6316,0.841530801787381,1,100.166698433058
6317,0.793764579505748,1,37.2296423864932
6318,0.146619014792543,0,0
6323,0.88661028187354,1,104.573459591926
6329,0.856124597639571,1,111.453599624188
6336,0.349043225895264,0,0
6341,0.955586733846503,1,426.521807268981
6348,0.616131436270502,1,32.4169128274064
6349,0.0951465721333662,0,0
6365,0.11541913256877,0,0
6372,0.593721938147309,1,13.6848900261131
6376,0.0769132577160852,0,0
6378,0.329601137143503,0,0
6379,0.938467894853439,1,331.437073494631
6382,0.401294539104379,0,0
6383,0.77176550452945,1,38.5572214565562
6389,0.887887868620007,1,137.204792740907
6390,0.115659462704977,0,0
6392,0.159813607300499,0,0
6394,0.857971828836517,1,59.1637009101887
6402,0.350371932050148,0,0
6404,0.790742029467376,1,40.4206365539992
6405,0.160627141039532,0,0
6406,0.418213045427813,0,0
6409,0.270656899460388,0,0
6410,0.368563992180261,0,0
6411,0.265670543070561,0,0
6421,0.209194769178132,0,0
6428,0.615516076910159,1,19.1796279652213
6429,0.521902698206009,1,10.6460371935802
6432,0.421184945033771,0,0
6436,0.0749604289795946,0,0
6437,0.734998135944544,1,21.9748995070836
6438,0.586436685086399,1,7.86667456530344
6445,0.324045886020724,0,0
6447,0.808391853011377,1,54.4012073124864
6450,0.199347800563941,0,0
6462,0.446827804873383,0,0
6467,0.871941576951971,1,97.5731516700211
6478,0.108786243109553,0,0
6484,0.582266995156585,1,6.75145261225672
6492,0.743862234622179,1,23.411999364284
6497,0.118726436669621,0,0
6504,0.618439833549008,1,8.96122303197764
6505,0.440307697327316,0,0
6513,0.845033216710769,1,48.8815639727779
6525,0.572972518790643,1,11.5163722312974
6526,0.673509355201291,1,18.7043079916558
6528,0.159217567703097,0,0
6540,0.0364804493010157,0,0
6542,0.337309081300108,0,0
6544,0.758928713933831,1,36.9355574673131
6548,0.235662818518462,0,0
6552,0.639361699290449,1,9.05121209902234
6558,0.0406289970491772,0,0
6567,0.128422008850624,0,0
6569,0.862604471421628,1,83.7463167409609
6572,0.337848757445496,0,0
6577,0.206528410122296,0,0
6581,0.62472021237699,1,8.15948335534537
6588,0.86843151427938,1,100.398753396789
6591,0.925112037686859,1,155.80924700526
6594,0.718706986142693,1,12.7591404212046
6600,0.819422787063488,1,47.474089971918
6602,0.573537525072103,1,15.1319607776346
6604,0.3361135010832,0,0
6605,0.0753538044731477,0,0
6614,0.643300571552205,1,11.7781495116674
6616,0.586709070619475,1,8.49329898398585
6621,0.635201661912527,1,23.5064171801519
6640,0.706253825301987,1,20.8822993018497
6641,0.690541170248777,1,57.7376665891546
6643,0.254939475535906,0,0
6644,0.472242704059386,0,0
6649,0.676443971461437,1,38.3093211528501
6650,0.907276172179917,1,119.588665156992
6655,0.732979022580446,1,45.5688602327375
6661,0.0726551664025918,0,0
6672,0.75490430369313,1,26.1074231442647
6677,0.17718890712922,0,0
6688,0.243605423933228,0,0
6689,0.256726472228587,0,0
6691,0.161080347191903,0,0
6692,0.594904386420174,1,14.6770615365665
6694,0.94118366043596,1,168.516209704486
6702,0.767863932484032,1,41.9981945373366
6714,0.149115743660241,0,0
6716,0.826787544545694,1,45.9253699407496
6724,0.223677602153352,0,0
6725,0.319972093074441,0,0
6730,0.597592826890888,1,9.53248539040328
6735,0.738249044072818,1,35.4610435455679
6738,0.624432367694351,1,20.5816420433478
6739,0.505879986599525,1,10.1010229751463
6743,0.607510753047955,1,13.0908996811175
6747,0.452863723177669,0,0
6750,0.872787830088676,1,99.1710123243688
6751,0.864329450963807,1,98.3261746219523
6753,0.804875996401713,1,82.3512024736863
6754,0.533682163584356,1,10.7499002858085
6755,0.327018041850567,0,0
6762,0.43460575247084,0,0
6764,0.237627576649796,0,0
6772,0.850520536035453,1,86.6172831796366
6774,0.353247253851427,0,0
6787,0.419076300126577,0,0
6789,0.131883705348938,0,0
6793,0.338989001807786,0,0
6798,0.0425317890775807,0,0
6799,0.0691280164397443,0,0
6800,0.346794926544168,0,0
6802,0.100184153461179,0,0
6808,0.49992098129682,0,0
6809,0.294448888609211,0,0
6812,0.0303478112416219,0,0
6814,0.934279713516495,1,296.247841848526
6816,0.820311711145418,1,48.1985551622347
6822,0.142156911129739,0,0
6829,0.771537019132955,1,57.4323961241396
6834,0.939725161305903,1,404.719738483529
6836,0.114155480102391,0,0
6839,0.532060377882894,1,7.26232012781602
6840,0.840642151813693,1,55.5335525910491
6843,0.213264547045064,0,0
6846,0.708707345980571,1,22.744353154197
6848,0.0558102432298998,0,0
6852,0.31018769338507,0,0
6856,0.534003095763567,1,6.59139337954556
6860,0.242127575594087,0,0
6866,0.709862847371426,1,30.5116717671371
6870,0.741720628512136,1,30.7973432585021
6878,0.863172944687627,1,67.2490307177371
6880,0.381081691895056,0,0
6885,0.089162146642495,0,0
6897,0.225196968507315,0,0
6902,0.91697123309781,1,153.428216096024
6904,0.792350054343964,1,49.8943708698678
6907,0.202046343371066,0,0
6909,0.564889466399486,1,7.99974879040339
6914,0.85914556339962,1,61.9451123853113
6915,0.79270588237894,1,46.3747956170895
6922,0.616938041468583,1,12.1374365094349
6924,0.45045242839388,0,0
6933,0.263522858058112,0,0
6934,0.26085067134093,0,0
6941,0.650808769306574,1,14.503802453741
6957,0.389410674922656,0,0
6960,0.198415246209256,0,0
6969,0.14278652376814,0,0
6975,0.31358076442805,0,0
6980,0.900571288167286,1,116.998960814284
6983,0.141401686488301,0,0
6987,0.343939723717114,0,0
6994,0.179723654709483,0,0
6997,0.0196909983297375,0,0
7002,0.397949367511925,0,0
7010,0.0494733355375251,0,0
7015,0.7820307077677,1,28.4620633359266
7019,0.561793207649793,1,13.9078246410246
7022,0.741117492385092,1,27.4607308118165
7025,0.106177551693511,0,0
7029,0.292197583499297,0,0
7031,0.52888227711563,1,7.06272619583351
7037,0.727791073969971,1,30.2711941112971
7038,0.359168996849133,0,0
7043,0.466999011226753,0,0
7049,0.227495183273625,0,0
7052,0.694908449166265,1,8.13690272563769
7053,0.551104121684327,1,11.8148089805992
7056,0.018182536917178,0,0
7057,0.812371778758884,1,37.0947950510469
7080,0.584453442661949,1,9.00902548061408
7086,0.398538628882205,0,0
7087,0.210425656936564,0,0
7105,0.743283065871506,1,24.2490348047826
7108,0.0376627866112928,0,0
7121,0.844646293213948,1,46.5526121408334
7122,0.572171927350749,1,10.3427182199562
7125,0.794692448188308,1,38.0645504765385
7132,0.598605397290599,1,15.7271511365407
7134,0.423410199004939,0,0
7151,0.623076312165225,1,12.5223582184017
7152,0.924647716224016,1,344.481181655663
7157,0.397895000887001,0,0
7159,0.471508727820189,0,0
7166,0.959212946706668,1,889.867860138537
7167,0.337361535386466,0,0
7177,0.140032423966944,0,0
7179,0.849083569569816,1,78.1329100330842
7181,0.634173931751307,1,15.7996441488259
7183,0.384088758815851,0,0
7186,0.086233952941293,0,0
7193,0.0743301000842917,0,0
7205,0.152392644682647,0,0
7207,0.0790135940065118,0,0
7209,0.80175028773489,1,42.1667377863666
7216,0.684018529405126,1,13.0363674422734
7232,0.955060633669873,1,318.859055924981
7235,0.401444086854191,0,0
7238,0.582081373336731,1,18.1754199156907
7240,0.917732473215193,1,94.9434930382221
7243,0.587225381921519,1,13.8270242863573
7252,0.723010175220829,1,15.1063227355221
7269,0.446698518327852,0,0
7275,0.104277571053441,0,0
7281,0.481720844152657,0,0
7283,0.143006688093267,0,0
7287,0.579404031944172,1,7.62464635398638
7289,0.728044840502758,1,22.7914163971604
7291,0.769703509940318,1,29.1797658055021
7294,0.106743254910471,0,0
7304,0.788618372988661,1,34.0961144373982
7308,0.518344262381848,1,7.86457096972513
7313,0.152027688352193,0,0
7319,0.595264749675045,1,24.8759414008492
7325,0.246139690252529,0,0
7326,0.373988710045854,0,0
7330,0.578923674931654,1,13.2541612607359
7332,0.0455033937472087,0,0
7337,0.758402450302834,1,19.4166326563067
7341,0.64439444654347,1,8.64520847440646
7346,0.761259043724541,1,23.389207653016
7353,0.899670200547367,1,79.7002102254835
7354,0.910338558095765,1,110.596890855313
7361,0.715660638527819,1,26.4511950288142
7366,0.826759817111789,1,53.6319850589031
7368,0.0993033917038734,0,0
7372,0.128144218957545,0,0
7375,0.743688849989056,1,25.1411759969416
7377,0.650468814928016,1,20.4526293825329
7380,0.301479744743019,0,0
7382,0.74687303480344,1,31.9835322923945
7385,0.898644006924558,1,133.422239492015
7392,0.901633659181418,1,159.96936042051
7395,0.180325042400933,0,0
7397,0.582460788836298,1,9.98650595740353
7403,0.215642363092863,0,0
7406,0.817773361128035,1,42.1837223469865
7409,0.835888385735974,1,74.0071694930927
7410,0.441875864657269,0,0
7412,0.262590391293719,0,0
7419,0.644915799644353,1,16.8363579090624
7425,0.342112337946778,0,0
7435,0.511983613925362,1,7.26887055807375
7438,0.593018511229807,1,12.492053085494
7440,0.411023927083261,0,0
7447,0.337078340256804,0,0
7449,0.890613595567446,1,121.212389387099
7456,0.527367862099693,1,10.9991154335971
7464,0.223859393189334,0,0
7478,0.540846406842035,1,9.10966000154185
7480,0.154138673178524,0,0
7481,0.690010920183483,1,22.8255726372722
7483,0.710195362325625,1,14.1613365825458
7484,0.401603348727288,0,0
7491,0.89843549681583,1,101.000891147397
7494,0.593640626405144,1,27.6277739497973
7501,0.807777849246966,1,107.759963189373
7503,0.935775750709606,1,394.340866221837
7509,0.569677392882218,1,4.78911896805791
7517,0.382652894931819,0,0
7518,0.547572883004477,1,7.8959988257609
7519,0.522937209501684,1,6.9903019503584
7521,0.761911889957526,1,41.9608527441658
7522,0.83684515098249,1,73.4997635462782
7536,0.208799245275661,0,0
7539,0.0653612088901691,0,0
7547,0.749700317711125,1,40.0416973298705
7549,0.179084938443635,0,0
7552,0.678653322471379,1,37.5615434418668
7554,0.525137189367962,1,10.7719655292898
7556,0.156246554714611,0,0
7564,0.351991393999749,0,0
7566,0.635974753803951,1,13.7945081178162
7570,0.670863133383155,1,16.5955671573738
7571,0.106119863613714,0,0
7572,0.516198862257575,1,8.35057870675919
7575,0.350220711590756,0,0
7586,0.327206544486453,0,0
7589,0.175975477745112,0,0
7590,0.121069908463418,0,0
7597,0.700536949067461,1,22.1671049470171
7602,0.0893828389390413,0,0
7604,0.622826025981737,1,15.4173135551
7605,0.650706078785075,1,12.8268808853423
7612,0.906103371719729,1,255.165057234163
7615,0.232850286609937,0,0
7617,0.286258802391126,0,0
7624,0.217924024393743,0,0
7632,0.418432545835082,0,0
7639,0.660770400402781,1,25.2693184767031
7642,0.46671368413782,0,0
7643,0.549918550685816,1,9.38337719331672
7649,0.754979044424115,1,34.3135175540879
7650,0.70274151734673,1,25.6141067741276
7653,0.684460730883623,1,41.8388905400293
7654,0.563891776187306,1,12.2306400252182
7657,0.781752639334206,1,43.8505724620127
7662,0.569305195019035,1,13.6377287573063
7669,0.937848850136519,1,272.173625932005
7671,0.0598290877749937,0,0
7675,0.219364054823074,0,0
7678,0.344732960988847,0,0
7682,0.960568890871906,1,372.582234478401
7688,0.785166004573508,1,37.4308475095141
7689,0.31683753861288,0,0
7690,0.375520246583334,0,0
7692,0.725662702104551,1,34.36797318409
7699,0.717429438117594,1,21.025054841704
7705,0.896653414569626,1,103.462353065424
7712,0.571201768139689,1,19.3034960211164
7726,0.816767751768552,1,57.6921968998268
7728,0.386193470861644,0,0
7735,0.744388412378695,1,21.9549159777693
7737,0.852305746335764,1,103.772318348227
7739,0.150417777989931,0,0
7743,0.884597381471991,1,271.742202069655
7744,0.634919382385337,1,9.59564028821437
7746,0.579427254280974,1,21.1658568855674
7749,0.628621075271931,1,10.61783838692
7750,0.667322771460199,1,22.553139356444
7752,0.192582649510293,0,0
7755,0.350210677520583,0,0
7756,0.920113472976078,1,208.704075629229
7762,0.298908773752346,0,0
7764,0.923494223676944,1,189.074973244756
7769,0.285607211490756,0,0
7770,0.788220342295759,1,37.7706866181907
7776,0.346890782282128,0,0
7778,0.535752694267703,1,10.7633743929152
7784,0.805925666206563,1,34.266490293033
7786,0.577351910785075,1,11.2493481412408
7789,0.528128647276293,1,7.95977785214488
7793,0.590651069451034,1,15.0377560039928
7794,0.180062373130295,0,0
7804,0.6296941951339,1,10.0375331571169
7811,0.497155602335278,0,0
7813,0.33233717091961,0,0
7815,0.647245849944226,1,17.3798236863384
7817,0.0580847170516781,0,0
7818,0.794785813587239,1,25.787673456699
7821,0.36392967376933,0,0
7825,0.165688924648241,0,0
7830,0.840382855597032,1,54.125145973855
7832,0.439288692328224,0,0
7835,0.0392184459221812,0,0
7839,0.50245641413016,1,6.82492902887601
7842,0.120106186585069,0,0
7849,0.847970930179733,1,103.976481061894
7856,0.758255124669992,1,27.4366390970118
7857,0.0145833485768308,0,0
7863,0.26427673671262,0,0
7866,0.370503156002033,0,0
7871,0.288583726160855,0,0
7875,0.871756722862707,1,63.1084328677241
7882,0.858637392165641,1,86.2719968299303
7887,0.878929341941351,1,73.921916416021
7888,0.901755216554791,1,143.498170671219
7891,0.98324250795284,1,1397.93776157061
7895,0.0674602811932533,0,0
7901,0.801337784024691,1,37.9493240540896
7906,0.594619394387302,1,10.5732397806911
7908,0.969098800361278,1,597.065653163869
7917,0.427501712596846,0,0
7924,0.860804318326416,1,89.228429143105
7948,0.722532731150701,1,20.4129077672054
7950,0.879275515638279,1,89.2180160899061
7955,0.470278682564257,0,0
7957,0.128146742011075,0,0
7959,0.594537225632904,1,10.6432450530692
7967,0.256824146553251,0,0
7969,0.202219863194676,0,0
7971,0.579920422954882,1,16.3674315786609
7974,0.643554768930388,1,21.5614216020715
7976,0.220642442635699,0,0
7986,0.925784501278512,1,219.795894743686
7987,0.932656138738936,1,305.025521861289
7993,0.559924344218179,1,8.52032783006166
7996,0.851284905846705,1,65.4601830968888
7998,0.471016164649719,0,0
8018,0.155707179866779,0,0
8019,0.71660297764989,1,20.7007435037112
8027,0.0427425042642397,0,0
8036,0.194478860585595,0,0
8040,0.178259406554511,0,0
8044,0.249004151618327,0,0
8050,0.151374997073003,0,0
8052,0.783005376957636,1,25.7792639963715
8054,0.655072547127627,1,15.1434646259005
8057,0.864655792602859,1,121.31697435381
8058,0.441147680185845,0,0
8059,0.764542086174332,1,39.0467798639606
8066,0.973582343507106,1,882.858909479102
8070,0.214359000562031,0,0
8072,0.87498870763427,1,64.6405485623035
8078,0.0555546237822559,0,0
8079,0.341161891522233,0,0
8080,0.753688714688382,1,30.2924511649518
8081,0.543174362416238,1,9.09790096696815
8088,0.352458133089944,0,0
8091,0.881816611534152,1,88.7754382846445
8094,0.281981745476284,0,0
8095,0.934104323963844,1,294.308036024628
8099,0.264607082428588,0,0
8101,0.655395106166569,1,24.0111969943413
8102,0.0579050531100489,0,0
8116,0.774628971054848,1,29.1826842351052
8125,0.452333958738393,0,0
8134,0.627480765580897,1,30.7401292561115
8139,0.11192614899194,0,0
8141,0.326142329123228,0,0
8147,0.23071803828821,0,0
8158,0.716256502383096,1,23.1565291375182
8160,0.230091305971869,0,0
8165,0.641931909040524,1,17.6137455225528
8187,0.774838761005184,1,23.4812639766728
8205,0.630449693778957,1,9.6754583062798
8209,0.62146798556564,1,10.503528605462
8211,0.522682272400997,1,10.8154010464637
8232,0.0105420001333773,0,0
8236,0.277310893626025,0,0
8237,0.413955132852331,0,0
8238,0.926412417331601,1,186.867944060042
8245,0.587509474122433,1,18.6510619519643
8256,0.699879017591833,1,18.2271530340028
8268,0.190379380578166,0,0
8269,0.0868784063235843,0,0
8270,0.649591761111242,1,13.7943875823446
8286,0.250780642404716,0,0
8289,0.210313835801529,0,0
8301,0.740265003076232,1,25.4561283788832
8305,0.495238390562401,0,0
8310,0.596122209573381,1,12.9662629837253
8312,0.167877986641114,0,0
8318,0.963229204253071,1,627.671249955854
8321,0.488016726646899,0,0
8328,0.15678042290824,0,0
8331,0.126804258451949,0,0
8334,0.690615010340591,1,20.1281800487545
8344,0.44827654655209,0,0
8345,0.473198594830637,0,0
8352,0.52569957087193,1,12.2931733787364
8358,0.834082426434381,1,70.3212165397677
8359,0.54750045474632,1,9.6621013381943
8360,0.413272167240913,0,0
8365,0.456346645798388,0,0
8366,0.381181903781021,0,0
8369,0.915795277664699,1,154.344425574719
8373,0.0959388438709166,0,0
8378,0.504219611140079,1,5.11760498472557
8392,0.294788078190738,0,0
8397,0.871580731801019,1,71.4795692201563
8399,0.436161388890961,0,0
8400,0.461082260866638,0,0
8405,0.839083342300593,1,79.5154826574581
8406,0.146792549090057,0,0
8410,0.345390727007886,0,0
8413,0.201462580339437,0,0
8414,0.732467521561602,1,36.0712595086514
8416,0.934067474639507,1,208.638956502275
8426,0.173916140325801,0,0
8434,0.681507872826624,1,18.4127903995543
8439,0.284688685937933,0,0
8440,0.520319518559004,1,6.30448108147949
8475,0.0708412995591257,0,0
8480,0.269970588828931,0,0
8497,0.614735012249467,1,8.24460515150927
8499,0.949051405519926,1,279.799997002148
8500,0.626351209547395,1,15.6391543451845
8501,0.160576765735462,0,0
8502,0.854705120494115,1,54.6431887000489
8518,0.787551215044433,1,20.4080475401659
8520,0.783506354158873,1,40.9723293502256
8523,0.645426618256206,1,24.6672249130082
8525,0.451964296679087,0,0
8532,0.29729851956464,0,0
8535,0.646326491411449,1,23.8746482971838
8543,0.703150950750088,1,16.7980812221106
8554,0.599361123188981,1,10.0089307385446
8560,0.313718743839518,0,0
8561,0.681449904101131,1,12.2274458481941
8563,0.0946326312991686,0,0
8566,0.934704356424007,1,385.446228831186
8570,0.590144699274331,1,15.588310751077
8572,0.266140301039022,0,0
8582,0.439424841080293,0,0
8583,0.652607903263645,1,28.5927856363654
8587,0.521105132512805,1,19.9384091192418
8592,0.570598063087065,1,14.5354822406343
8593,0.738127043142873,1,24.9811966501812
8607,0.0697565526066714,0,0
8609,0.467485763388007,0,0
8610,0.16851192063029,0,0
8614,0.658497914912003,1,28.9369426109867
8616,0.7017970673761,1,28.7905954076793
8622,0.420376485038218,0,0
8623,0.3225367867056,0,0
8624,0.481262079256422,0,0
8633,0.479622020548964,0,0
8641,0.715537707956872,1,19.2886440158082
8644,0.914477596710394,1,285.529328672443
8649,0.831965464345913,1,68.870524491179
8653,0.448771009970533,0,0
8657,0.481230369719687,0,0
8658,0.418196276449942,0,0
8663,0.365772219328486,0,0
8672,0.849526284989317,1,153.633731883426
8680,0.670285198494809,1,18.0142506926219
8684,0.7876240962429,1,45.9742009431907
8687,0.283632948634568,0,0
8688,0.150834400710847,0,0
8690,0.391729928381817,0,0
8712,0.530447651337313,1,9.84471367073926
8717,0.631910861228544,1,19.2210124814848
8730,0.124650013510906,0,0
8739,0.471478184076768,0,0
8744,0.0759592911318541,0,0
8747,0.607846056139844,1,13.3164087864972
8748,0.653529042913856,1,17.8864291796095
8751,0.919922968772556,1,163.794294242491
8758,0.552371117824576,1,6.83083067295907
8761,0.767282258369492,1,27.1853451938529
8763,0.0185616476873941,0,0
8764,0.723385462574893,1,20.4228938771693
8765,0.481142695985692,0,0
8773,0.22390926712823,0,0
8780,0.331438584723988,0,0
8781,0.284433228836256,0,0
8782,0.789342981677889,1,36.8917887982177
8785,0.376032068980967,0,0
8786,0.455061856103265,0,0
8797,0.94349014611187,1,293.812534085036
8799,0.224537672277324,0,0
8807,0.931307833531007,1,176.793869876097
8816,0.184312148419637,0,0
8817,0.200766325717834,0,0
8826,0.688700445861798,1,35.4750471327123
8833,0.53106807536441,1,8.40489877213857
8834,0.19803688882338,0,0
8835,0.25951693122339,0,0
8840,0.299926752614858,0,0
8843,0.398630331646914,0,0
8849,0.617145158423983,1,15.1975973454452
8855,0.328207257066472,0,0
8861,0.654563445903248,1,16.1392927909107
8862,0.535636264642355,1,7.43354732549095
8865,0.644351753923028,1,15.4904920039142
8868,0.0318854622174105,0,0
8870,0.0529123055733964,0,0
8880,0.611616174354005,1,11.9314165139852
8885,0.185421990974043,0,0
8894,0.451731466621437,0,0
8895,0.42876933596471,0,0
8899,0.195055963656836,0,0
8912,0.607072411408979,1,13.9800683763556
8922,0.0408918858249523,0,0
8924,0.478698010096885,0,0
8928,0.470248074790962,0,0
8932,0.71299799058706,1,22.5832615023632
8943,0.493224639861866,0,0
8945,0.25949550386176,0,0
8946,0.134248132984291,0,0
8954,0.730177212167381,1,27.3982416771252
8958,0.759197780908999,1,41.6061422582639
8960,0.872761471391357,1,81.9462240538461
8965,0.598652931103457,1,10.3105869550324
8966,0.149627422078947,0,0
8967,0.264273170316011,0,0
8969,0.545174709129655,1,17.2296063943443
8980,0.39061520217522,0,0
8984,0.0621610853804762,0,0
8985,0.892301722821554,1,301.399274839574
8988,0.680657093190067,1,19.0072972287651
8989,0.731811677633197,1,31.6191208244958
8995,0.208399271051061,0,0
9004,0.255161745620199,0,0
9010,0.149772125205249,0,0
9012,0.433970245457709,0,0
9018,0.773192009320509,1,27.0989277498168
9036,0.57490091483269,1,11.4648794757683
9037,0.367624598619996,0,0
9040,0.225608521383427,0,0
9041,0.569961632902028,1,13.485934317575
9044,0.820990435821133,1,32.3214999712322
9045,0.221786628256185,0,0
9047,0.765700812609556,1,34.2767761461144
9049,0.0774900707850368,0,0
9061,0.0713195241724387,0,0
9062,0.708532901242548,1,21.4100727718355
9076,0.441205584341866,0,0
9079,0.536250688993651,1,8.86022870485705
9081,0.60803868222151,1,7.02313674866024
9082,0.423035709046109,0,0
9089,0.884114638844175,1,83.7789165931864
9092,0.540243590362945,1,6.99459126434711
9094,0.705392387605094,1,20.1012729071803
9115,0.142030454477216,0,0
9117,0.521161066224318,1,8.53685850886951
9118,0.501894281056026,1,25.9970661007302
9120,0.115605119128411,0,0
9124,0.0471304076931351,0,0
9128,0.653222302984808,1,18.0271904891859
9135,0.719813815130758,1,23.2305843250476
9136,0.926086886480125,1,290.471585683472
9138,0.717457387400752,1,55.4737640869035
9157,0.722007344172596,1,31.4596911930782
9176,0.296835252192353,0,0
9183,0.560602163983419,1,9.8359048948431
9187,0.790913007485589,1,33.673445777349
9188,0.565136244512718,1,14.5810812802214
9190,0.318189176592631,0,0
9197,0.151647585700232,0,0
9200,0.137189458968134,0,0
9201,0.527827911591211,1,9.77401934460817
9203,0.103098815550172,0,0
9212,0.682103063624794,1,21.5527501337562
9213,0.301503899639874,0,0
9214,0.338778568919118,0,0
9217,0.605845146663667,1,9.40356553941869
9219,0.0201118314960254,0,0
9220,0.517144188251794,1,5.80696945271691
9221,0.321738349842204,0,0
9237,0.0443207461624175,0,0
9240,0.384873547421182,0,0
9241,0.032815356722656,0,0
9248,0.632485914601361,1,25.7962224956863
9253,0.800378996771245,1,49.6195395630963
9259,0.867461281054782,1,55.799215909652
9267,0.410215105836307,0,0
9271,0.734588864986749,1,33.7219971588395
9273,0.588369346021897,1,13.5077550804347
9285,0.0910219482356061,0,0
9290,0.3964491415759,0,0
9291,0.265370616515283,0,0
9293,0.364732766210298,0,0
9294,0.293784430714508,0,0
9301,0.344283846227124,0,0
9302,0.23287040469683,0,0
9312,0.0813600379120905,0,0
9316,0.52621586074097,1,24.670444241764
9319,0.905099670126747,1,118.818739780347
9328,0.20876370918772,0,0
9331,0.947332790834237,1,296.917316096664
9338,0.115253702412143,0,0
9350,0.56639554594664,1,9.40099551539434
9356,0.424120614721803,0,0
9359,0.861683059488659,1,61.1665743641516
9362,0.832948851254928,1,43.6957305855139
9364,0.435941251820336,0,0
9370,0.633982677785039,1,18.2642428979721
9380,0.355641599310116,0,0
9386,0.334968014470568,0,0
9394,0.617390315058891,1,10.9847438724549
9407,0.611037193531462,1,20.7688192739796
9411,0.844480969875591,1,111.614996075955
9422,0.724842181007547,1,18.5519820302213
9423,0.630458012187249,1,14.3159175639792
9429,0.672155689552628,1,15.2412270703163
9433,0.486947348480182,0,0
9439,0.111919913058093,0,0
9451,0.467211262423902,0,0
9452,0.719136724121529,1,33.3734611178075
9453,0.0372790744542764,0,0
9460,0.0575957913995061,0,0
9465,0.120026762210909,0,0
9470,0.128116138897708,0,0
9476,0.80189001393209,1,47.2617157240023
9485,0.913848597230861,1,295.877501440836
9486,0.22263658346834,0,0
9488,0.602462794364787,1,14.3076972976662
9507,0.0301126811350298,0,0
9508,0.731611134423009,1,99.3358855043328
9517,0.603534103367169,1,12.8700630175386
9521,0.419092085687113,0,0
9528,0.403703627295771,0,0
9532,0.760455419982143,1,27.9025459696006
9536,0.489878657209207,0,0
9540,0.32361461728373,0,0
9542,0.425016321341204,0,0
9546,0.629719125136239,1,15.3032575066066
9548,0.59882047395902,1,7.57693304184815
9549,0.408481670194107,0,0
9554,0.24952692888183,0,0
9555,0.824707185155975,1,65.8370897840499
9558,0.0900532064108748,0,0
9573,0.9111342832634,1,163.889587532612
9575,0.795296773299107,1,49.4995634746642
9584,0.909405901482917,1,134.030421219917
9586,0.337868373667645,0,0
9588,0.344218931175306,0,0
9591,0.732619290511326,1,26.5101909316484
9592,0.864245277610006,1,55.6347846151579
9597,0.789200593985636,1,31.6147174662116
9600,0.162943865712781,0,0
9603,0.799400849763624,1,40.8875053600759
9605,0.724017307328642,1,27.2460412001867
9614,0.875690034362476,1,86.0560556585835
9616,0.0480950592086236,0,0
9622,0.877441899500559,1,100.352973711032
9624,0.423668784581755,0,0
9629,0.755269875938316,1,58.7386194530485
9633,0.200870141033053,0,0
9640,0.606357170954813,1,13.2883421745886
9644,0.773358106644836,1,55.8985518988905
9645,0.782300413425144,1,44.0151013841853
9646,0.399377307505696,0,0
9648,0.982769227644013,1,1421.36201237634
9649,0.255092416193836,0,0
9660,0.644475872168242,1,12.3894151151875
9664,0.700492827859771,1,25.2043445035042
9675,0.236906771805564,0,0
9679,0.925253762046524,1,300.160503558939
9680,0.787174358971129,1,35.3466194844997
9682,0.162144993354223,0,0
9697,0.07169949634463,0,0
9701,0.578792718624687,1,9.99099847454377
9704,0.765192764884557,1,21.2263327695147
9705,0.576690581959545,1,11.540803982346
9707,0.60853474393199,1,8.51044546334909
9714,0.164004291261982,0,0
9718,0.449594373773728,0,0
9722,0.444157500231178,0,0
9739,0.353925258853138,0,0
9747,0.898557463536126,1,120.317466753688
9751,0.441538173156836,0,0
9757,0.428457031890214,0,0
9759,0.0546660381818816,0,0
9760,0.308164928550368,0,0
9764,0.861242113476839,1,83.7884886424752
9776,0.70889540325696,1,30.1713343503333
9778,0.514076344600419,1,9.08071971209664
9786,0.229770245355561,0,0
9803,0.853814182264775,1,59.3353510281654
9804,0.262533640717721,0,0
9815,0.247930948605537,0,0
9824,0.0560595283515041,0,0
9825,0.474639482238951,0,0
9826,0.698636211381674,1,14.0186399382289
9827,0.0940196152544589,0,0
9833,0.195302602082929,0,0
9835,0.184482944626019,0,0
9860,0.82307664810502,1,46.3967176051028
9865,0.547827990913865,1,9.09224019780567
9871,0.631618128522096,1,9.93706008333467
9874,0.56838163626514,1,12.7727104790786
9880,0.560724360360396,1,14.5285366539476
9882,0.813781942250049,1,33.8252266189713
9885,0.178840857430563,0,0
9888,0.885757575189335,1,97.2033618688832
9892,0.231415371534184,0,0
9893,0.661467198669593,1,15.2861991274339
9896,0.693975335632173,1,19.066935096875
9902,0.280448570934957,0,0
9906,0.308663433711545,0,0
9910,0.625366520864313,1,12.7859221674582
9914,0.700488330344124,1,20.842406203205
9918,0.828450262445099,1,76.3050203866055
9920,0.494003745488631,0,0
9926,0.598220301488718,1,14.0132120625725
9931,0.169546764893863,0,0
9935,0.700890726093201,1,14.5672904832055
9945,0.97461604766584,1,517.771167123225
9953,0.531061810165338,1,7.03371830947984
9957,0.0343376327943629,0,0
9963,0.401459379972874,0,0
9972,0.669146094797891,1,12.346515665742
9976,0.821462689582192,1,30.046335021669
9979,0.752394914074916,1,32.5348901611881
9980,0.0966231318571258,0,0
9982,0.295194230443857,0,0
9991,0.868784500541975,1,131.894280806897
10000,0.578188890727289,1,13.131567256599
10003,0.558680382274843,1,9.80036803881526
10005,0.978062672733553,1,1590.82409046557
10014,0.129742073605594,0,0
10032,0.681406591509414,1,15.9583477996475
10034,0.730693221789184,1,29.5583211432191
10041,0.0385091420763473,0,0
10042,0.148886159497167,0,0
10044,0.164375597222279,0,0
10045,0.541635464978842,1,10.1517194616839
10054,0.847530607705237,1,75.3888189110422
10061,0.269608833253199,0,0
10062,0.829855179088834,1,54.8570795331847
10073,0.414185772247014,0,0
10081,0.113814676377749,0,0
10084,0.761943950600472,1,40.5239943637138
10086,0.52253907072393,1,5.88756489862667
10093,0.732462085939694,1,29.0421435584186
10101,0.912063819894031,1,174.533215088139
10105,0.583132190384683,1,14.4499147468286
10110,0.760017757899602,1,36.024630440578
10113,0.873963277814325,1,79.5674542598951
10115,0.83440321815448,1,52.5343414998015
10119,0.847721996092717,1,50.0217264639287
10121,0.702765503627515,1,25.7249016080821
10124,0.947675123371824,1,240.952348173931
10126,0.461386399851801,0,0
10127,0.108962734942883,0,0
10145,0.603379245527078,1,12.3785149389273
10147,0.858429632023295,1,80.1428516585968
10148,0.0354627347378079,0,0
10162,0.636185413750914,1,15.4210935276975
10163,0.0695827311353326,0,0
10166,0.907873443882925,1,210.951701732234
10172,0.156069712563852,0,0
10173,0.70140632770075,1,18.7756425411532
10175,0.110650336924139,0,0
10180,0.368848217758522,0,0
10186,0.101438448084446,0,0
10192,0.740022250880609,1,36.0509681627439
10199,0.640186951776052,1,22.8276688994532
10209,0.985511935329084,1,1044.73774511786
10210,0.506328731372667,1,8.44973654775344
10214,0.227229944372592,0,0
10215,0.486707738826973,0,0
10216,0.867722318369081,1,102.583629747872
10232,0.593845976125241,1,18.7593020712974
10239,0.586132866979735,1,17.8177835595174
10249,0.213280511232165,0,0
10253,0.712752318536587,1,24.4144923363238
10255,0.389635896553191,0,0
10262,0.240707334889153,0,0
10264,0.0774465505781253,0,0
10266,0.38721603585877,0,0
10268,0.664422135018272,1,12.93677961659
10271,0.449456615330075,0,0
10272,0.653073731506406,1,19.5789088088886
10276,0.750583503179897,1,34.0676842445389
10277,0.0610311508971486,0,0
10279,0.661676550929236,1,62.3677066239274
10281,0.0705718267315672,0,0
10285,0.0404523732376,0,0
10294,0.662473544498769,1,12.880106617522
10300,0.317872869083417,0,0
